SampleID	Species	Location	Sample	Date	Latitude	Longitude	Accession
18263	H. aberrans	Belize	18263abebel	2004-07-24	NA	NA	NA
18492	H. aberrans	Belize	18492abebel	2004-07-24	16.89389	-88.05806	NA
18493	H. aberrans	Belize	18493abebel	2004-07-24	NA	NA	NA
PL17_88	H. aberrans	Belize	PL17_88abebel	2017-07-04	16.65361	-88.20097	ERS14948398
18452	H. aberrans	Bocas del Toro, Panama	18452abeboc	2004-07-02	9.33083	-82.21444	NA
18471	H. aberrans	Bocas del Toro, Panama	18471abeboc	2004-07-10	9.3775	-82.30389	NA
28389	H. aberrans	Bocas del Toro, Panama	28389abeboc	2017-02-06	9.3181	-82.2218	ERS8632036
62550	H. aberrans	Cayo Arcas, Mexico	62550abearc	NA	NA	NA	NA
62551	H. aberrans	Cayo Arcas, Mexico	62551abearc	NA	NA	NA	NA
62552	H. aberrans	Cayo Arcas, Mexico	62552abearc	NA	NA	NA	NA
Ross2	H. aberrans	Cayo Arenas, Mexico	Ross2abeare	NA	NA	NA	NA
18949	H. aberrans	Guna Yala, Panama	18949abegun	2005-05-04	9.54875	-78.95061	NA
19546	H. aberrans	Guna Yala, Panama	19546abegun	2005-05-14	9.29072	-78.14039	NA
19708	H. aberrans	Guna Yala, Panama	19708abegun	2005-05-06	9.54875	-78.95061	NA
20425	H. aberrans	Honduras	20425abehon	2006-06-03	16.03	-83.32861	ERS4141245
20433	H. aberrans	Honduras	20433abehon	2006-06-04	15.95583	-83.29306	ERS4141251
20644	H. aberrans	Honduras	20644abehon	2006-06-05	15.95583	-83.29306	ERS4141259
20759	H. aberrans	Honduras	20759abehon	2006-06-06	15.25	-82.61667	ERS4141261
20761	H. aberrans	Honduras	20761abehon	2006-06-06	15.25	-82.61667	ERS4141262
20762	H. aberrans	Honduras	20762abehon	2006-06-06	15.25	-82.61667	ERS4141263
20861	H. aberrans	Honduras	20861abehon	2006-06-07	15.25	-82.61667	ERS4141264
20862	H. aberrans	Honduras	20862abehon	2006-06-07	15.25	-82.61667	ERS4141265
20864	H. aberrans	Honduras	20864abehon	2006-06-07	15.25	-82.61667	ERS4141266
20866	H. aberrans	Honduras	20866abehon	2006-06-07	15.25	-82.61667	ERS4141267
20867	H. aberrans	Honduras	20867abehon	2006-06-07	15.25	-82.61667	ERS4141268
PL17_75	H. aberrans	Puerto Rico	PL17_75abepri	2017-03-22	NA	NA	ERS14948458
PL17_79	H. aberrans	Puerto Rico	PL17_79abepri	2017-03-22	NA	NA	NA
27698	H. aberrans	Quintana, Mexico	27698abequi	NA	NA	NA	NA
FL0839	H. aberrans	San Andres, Colombia	FL0839abesan	NA	NA	NA	NA
18935	H. affinis	Bocas del Toro, Panama	18935affboc	2005-03-27	9.25081	-82.13061	NA
18936	H. affinis	Bocas del Toro, Panama	18936affboc	2005-03-27	9.25081	-82.13061	NA
18986	H. affinis	Bocas del Toro, Panama	18986affboc	2005-03-25	9.29833	-82.28944	NA
23322	H. affinis	Bocas del Toro, Panama	23322affboc	2009-09-17	NA	NA	NA
19174	H. affinis	Guna Yala, Panama	19174affgun	2005-05-07	9.58019	-78.69406	NA
19294	H. affinis	Guna Yala, Panama	19294affgun	2005-05-22	9.57647	-78.72912	NA
19519	H. affinis	Guna Yala, Panama	19519affgun	2005-05-14	9.29072	-78.14039	NA
54689	H. atlahua	Anton Lizardo, Mexico	54689atlliz	NA	NA	NA	NA
54761	H. atlahua	Anton Lizardo, Mexico	54761atlliz	NA	NA	NA	NA
54786	H. atlahua	Anton Lizardo, Mexico	54786atlliz	NA	NA	NA	NA
54849	H. atlahua	Anton Lizardo, Mexico	54849atlliz	NA	NA	NA	NA
27936	H. atlahua	Tamiahua, Mexico	27936atltam	NA	NA	NA	NA
52988	H. atlahua	Tamiahua, Mexico	52988atltam	NA	NA	NA	NA
52989	H. atlahua	Tamiahua, Mexico	52989atltam	NA	NA	NA	NA
52990	H. atlahua	Tamiahua, Mexico	52990atltam	NA	NA	NA	NA
54649	H. castroaguirrei	Anton Lizardo, Mexico	54649casliz	NA	NA	NA	NA
54650	H. castroaguirrei	Anton Lizardo, Mexico	54650casliz	NA	NA	NA	NA
19416	H. chlorurus	Barbados	19416chlbar	2005-06-06	13.22369	-59.64506	NA
19425	H. chlorurus	Barbados	19425chlbar	2005-06-06	13.22369	-59.64506	NA
19435	H. chlorurus	Barbados	19435chlbar	2005-06-06	13.22369	-59.64506	NA
20435	H. chlorurus	Honduras	20435chlhon	2006-06-04	15.95583	-83.29306	NA
FL0331	H. chlorurus	Puerto Rico	FL0331chlpri	NA	NA	NA	NA
PL17_37	H. chlorurus	Puerto Rico	PL17_37chlpri	2017-03-15	17.95282	-67.05643	ERS14948469
PL17_38	H. chlorurus	Puerto Rico	PL17_38chlpri	2017-03-15	17.95282	-67.05643	ERS14948464
PL17_39	H. chlorurus	Puerto Rico	PL17_39chlpri	2017-03-15	17.95282	-67.05643	ERS14948460
PL17_40	H. chlorurus	Puerto Rico	PL17_40chlpri	2017-03-15	17.95282	-67.05643	ERS14948466
PL17_41	H. chlorurus	Puerto Rico	PL17_41chlpri	2017-03-15	17.95282	-67.05643	ERS14948462
PL17_42	H. chlorurus	Puerto Rico	PL17_42chlpri	2017-03-15	17.95282	-67.05643	ERS14948467
PL17_43	H. chlorurus	Puerto Rico	PL17_43chlpri	2017-03-15	17.95282	-67.05643	ERS14948461
PL17_44	H. chlorurus	Puerto Rico	PL17_44chlpri	2017-03-15	17.95282	-67.05643	ERS14948463
PL17_62	H. chlorurus	Puerto Rico	PL17_62chlpri	2017-03-17	17.95787	-67.05804	ERS14948465
PL17_86	H. chlorurus	Puerto Rico	PL17_86chlpri	2017-03-24	17.95282	-67.05643	ERS14948468
62549	H. ecosur	Cayo Arcas, Mexico	62549ecoarc	NA	NA	NA	NA
62556	H. ecosur	Cayo Arcas, Mexico	62556ecoarc	NA	NA	NA	NA
62576	H. ecosur	Cayo Arcas, Mexico	62576ecoarc	NA	NA	NA	NA
62555	H. espinozaperezei	Cayo Arcas, Mexico	62555esparc	NA	NA	NA	NA
62571	H. espinozaperezei	Cayo Arcas, Mexico	62571esparc	NA	NA	NA	NA
62585	H. espinozaperezei	Cayo Arcas, Mexico	62585esparc	NA	NA	NA	NA
62558	H. floridae	Cayo Arcas, Mexico	62558floarc	NA	NA	NA	NA
62559	H. floridae	Cayo Arcas, Mexico	62559floarc	NA	NA	NA	NA
62560	H. floridae	Cayo Arcas, Mexico	62560floarc	NA	NA	NA	NA
PL17_160	H. floridae	Florida Keys, USA	PL17_160floflk	NA	24.50768	-81.57143	ERS4141277
62515	H. gemma	Cayo Arcas, Mexico	62515gemarc	NA	NA	NA	NA
62553	H. gemma	Cayo Arcas, Mexico	62553gemarc	NA	NA	NA	NA
62570	H. gemma	Cayo Arcas, Mexico	62570gemarc	NA	NA	NA	NA
Ross1	H. gemma	Cayo Arenas, Mexico	Ross1gemare	NA	NA	NA	NA
PL17_142	H. gemma	Florida Keys, USA	PL17_142gemflk	2017-08-07	24.80618	-80.67677	ERS2899137
PL17_144	H. gemma	Florida Keys, USA	PL17_144gemflk	2017-09-07	24.81247	-80.66971	ERS2899138
PL17_145	H. gemma	Florida Keys, USA	PL17_145gemflk	2017-09-07	24.81247	-80.66971	ERS2899139
PL17_148	H. gemma	Florida Keys, USA	PL17_148gemflk	2017-11-07	24.76937	-80.72791	ERS2899140
PL17_153	H. gemma	Florida Keys, USA	PL17_153gemflk	NA	24.80696	-80.67675	ERS2899141
18449	H. gummigutta	Bocas del Toro, Panama	18449gumboc	2004-07-03	9.3775	-82.30389	NA
23301	H. gummigutta	Bocas del Toro, Panama	23301gumboc	2009-04-19	NA	NA	NA
28366	H. gummigutta	Bocas del Toro, Panama	28366gumboc	2017-02-04	9.33222	-82.22188	ERS8632035
20418	H. gummigutta	Honduras	20418gumhon	2006-06-03	16.03	-83.32861	ERS4141241
20419	H. gummigutta	Honduras	20419gumhon	2006-06-03	16.03	-83.32861	ERS4141242
20420	H. gummigutta	Honduras	20420gumhon	2006-06-03	16.03	-83.32861	ERS4141243
20426	H. gummigutta	Honduras	20426gumhon	2006-06-04	15.95583	-83.29306	ERS4141246
20427	H. gummigutta	Honduras	20427gumhon	2006-06-04	15.95583	-83.29306	ERS4141247
20428	H. gummigutta	Honduras	20428gumhon	2006-06-04	15.95583	-83.29306	ERS4141248
20615	H. gummigutta	Honduras	20615gumhon	2006-06-05	15.95583	-83.29306	ERS4141254
20617	H. gummigutta	Honduras	20617gumhon	2006-06-05	15.95583	-83.29306	ERS4141255
20641	H. gummigutta	Honduras	20641gumhon	2006-06-05	15.95583	-83.29306	ERS4141256
20642	H. gummigutta	Honduras	20642gumhon	2006-06-05	15.95583	-83.29306	ERS4141257
20643	H. gummigutta	Honduras	20643gumhon	2006-06-05	15.95583	-83.29306	ERS4141258
19076	H. guttavarius	Barbados	19076gutbar	2005-06-09	13.22619	-59.65286	NA
19080	H. guttavarius	Barbados	19080gutbar	2005-06-12	13.17264	-59.64675	NA
18160	H. guttavarius	Belize	18160gutbel	2004-07-27	16.78389	-88.07667	NA
20068	H. guttavarius	Belize	20068gutbel	2005-08-13	NA	NA	NA
20069	H. guttavarius	Belize	20069gutbel	2005-08-13	NA	NA	NA
23318	H. guttavarius	Bocas del Toro, Panama	23318gutboc	2009-12-09	NA	NA	NA
19235	H. guttavarius	Guna Yala, Panama	19235gutgun	2005-05-15	9.19967	-77.96972	NA
20751	H. guttavarius	Honduras	20751guthon	2006-06-06	15.25	-82.61667	NA
PL17_68	H. guttavarius	Puerto Rico	PL17_68gutpri	2017-03-20	17.89242	-67.01418	ERS14948470
FL0836	H. guttavarius	San Andres, Colombia	FL0836gutsan	NA	NA	NA	NA
17996	H. indigo	Belize	17996indbel	2004-07-27	16.80083	-88.07889	ERS4141229
17997	H. indigo	Belize	17997indbel	2004-07-27	16.80083	-88.07889	ERS4141230
17998	H. indigo	Belize	17998indbel	2004-07-27	16.80083	-88.07889	ERS4141231
17999	H. indigo	Belize	17999indbel	2004-07-27	16.80083	-88.07889	ERS4141232
18000	H. indigo	Belize	18000indbel	2004-07-27	16.80083	-88.07889	ERS4141233
18195	H. indigo	Belize	18195indbel	2004-07-26	16.80583	-88.07917	ERS4141234
18222	H. indigo	Belize	18222indbel	2004-07-27	16.80083	-88.07889	ERS4141235
18225	H. indigo	Belize	18225indbel	2004-07-27	16.80083	-88.07889	ERS4141236
18226	H. indigo	Belize	18226indbel	2004-07-27	16.78389	-88.07667	ERS4141237
18227	H. indigo	Belize	18227indbel	2004-07-27	16.78389	-88.07667	ERS4141238
PL17_111	H. indigo	Belize	PL17_111indbel	2017-11-04	16.89555	-88.06139	ERS14948399
PL17_98	H. indigo	Belize	PL17_98indbel	2017-09-04	16.80126	-88.07942	NA
19124	H. indigo	Guna Yala, Panama	19124indgun	2005-05-08	9.57592	-78.72794	NA
19162	H. indigo	Guna Yala, Panama	19162indgun	2005-05-07	9.58019	-78.69406	NA
19190	H. indigo	Guna Yala, Panama	19190indgun	2005-05-08	9.57592	-78.72794	NA
20757	H. indigo	Honduras	20757indhon	2006-06-06	15.25	-82.61667	NA
FL0318	H. indigo	Puerto Rico	FL0318indpri	NA	NA	NA	NA
PL17_35	H. indigo	Puerto Rico	PL17_35indpri	2017-03-15	17.95282	-67.05643	ERS14948482
PL17_64	H. indigo	Puerto Rico	PL17_64indpri	2017-03-18	17.97003	-67.04642	ERS14948471
PL17_85	H. indigo	Puerto Rico	PL17_85indpri	2017-03-24	NA	NA	ERS14948474
29212	H. indigo	Quintana, Mexico	29212indqui	NA	NA	NA	NA
29213	H. indigo	Quintana, Mexico	29213indqui	NA	NA	NA	NA
HypoHaiti1	H. liberte	Haiti	HypoHaiti1libhai	NA	NA	NA	NA
HypoHaiti2	H. liberte	Haiti	HypoHaiti2libhai	NA	NA	NA	NA
HypoHaiti3	H. liberte	Haiti	HypoHaiti3libhai	NA	NA	NA	NA
PL17_101	H. maya	Belize	PL17_101maybel	2017-06-04	16.77096	-88.16366	ERS2899592
PL17_119	H. maya	Belize	PL17_119maybel	NA	16.48726	-88.27183	ERS2899593
PL17_120	H. maya	Belize	PL17_120maybel	NA	16.48726	-88.27183	ERS2899594
PL17_121	H. maya	Belize	PL17_121maybel	NA	16.48726	-88.27183	ERS2899595
PL17_122	H. maya	Belize	PL17_122maybel	NA	16.48726	-88.27183	ERS2899596
PL17_123	H. maya	Belize	PL17_123maybel	NA	16.51037	-88.25462	ERS2899597
PL17_124	H. maya	Belize	PL17_124maybel	NA	16.51037	-88.25462	ERS2899598
PL17_126	H. maya	Belize	PL17_126maybel	NA	16.51037	-88.25462	ERS2899599
PL17_89	H. maya	Belize	PL17_89maybel	2017-07-04	16.66	-88.185	ERS2899590
PL17_95	H. maya	Belize	PL17_95maybel	2017-08-04	16.77096	-88.16366	ERS2899591
18151	H. nigricans	Belize	18151nigbel	2004-07-25	16.76528	-88.14417	ERS2619600
18153	H. nigricans	Belize	18153nigbel	2004-07-25	16.76528	-88.14417	ERS2619601
18155	H. nigricans	Belize	18155nigbel	2004-07-25	16.80083	-88.07889	ERS2619602
18156	H. nigricans	Belize	18156nigbel	2004-07-25	16.80083	-88.07889	ERS2619603
18157	H. nigricans	Belize	18157nigbel	2004-07-25	16.80083	-88.07889	ERS2619604
18158	H. nigricans	Belize	18158nigbel	2004-07-25	16.80083	-88.07889	ERS2619605
18159	H. nigricans	Belize	18159nigbel	2004-07-25	16.80083	-88.07889	ERS2619606
18162	H. nigricans	Belize	18162nigbel	2004-07-25	16.76528	-88.14417	ERS2619607
18165	H. nigricans	Belize	18165nigbel	2004-07-25	16.76528	-88.14417	ERS2619608
18171	H. nigricans	Belize	18171nigbel	2004-07-25	16.76528	-88.14417	ERS2619609
18185	H. nigricans	Belize	18185nigbel	2004-07-26	16.80583	-88.07917	ERS2619610
18187	H. nigricans	Belize	18187nigbel	2004-07-26	16.80583	-88.07917	ERS2619611
18418	H. nigricans	Bocas del Toro, Panama	18418nigboc	2004-05-12	9.3775	-82.30389	ERS2619625
18424	H. nigricans	Bocas del Toro, Panama	18424nigboc	2004-05-12	10.23917	-83.17306	ERS2619626
18428	H. nigricans	Bocas del Toro, Panama	18428nigboc	2004-05-12	10.23917	-83.17306	ERS2619627
18901	H. nigricans	Bocas del Toro, Panama	18901nigboc	2005-03-25	9.29833	-82.28944	ERS2619629
18902	H. nigricans	Bocas del Toro, Panama	18902nigboc	2005-03-25	9.29833	-82.28944	ERS2619630
18903	H. nigricans	Bocas del Toro, Panama	18903nigboc	2005-03-25	9.29833	-82.28944	ERS2619631
18904	H. nigricans	Bocas del Toro, Panama	18904nigboc	2005-03-25	9.29833	-82.28944	ERS2619632
18905	H. nigricans	Bocas del Toro, Panama	18905nigboc	2005-03-25	9.29833	-82.28944	ERS2619633
18906	H. nigricans	Bocas del Toro, Panama	18906nigboc	2005-03-25	9.29833	-82.28944	ERS2619634
18907	H. nigricans	Bocas del Toro, Panama	18907nigboc	2005-03-25	9.29833	-82.28944	ERS2619635
18909	H. nigricans	Bocas del Toro, Panama	18909nigboc	2005-03-25	9.29833	-82.28944	ERS2619636
PL17_149	H. nigricans	Florida Keys, USA	PL17_149nigflk	2017-12-07	24.89978	-80.61716	ERS14948447
19105	H. nigricans	Guna Yala, Panama	19105niggun	2005-05-08	9.57592	-78.72794	NA
19131	H. nigricans	Guna Yala, Panama	19131niggun	2005-05-09	9.47431	-78.52164	NA
19150	H. nigricans	Guna Yala, Panama	19150niggun	2005-05-09	9.47431	-78.52164	NA
20599	H. nigricans	Honduras	20599nighon	2006-06-04	15.95583	-83.29306	ERS2619612
20600	H. nigricans	Honduras	20600nighon	2006-06-04	15.95583	-83.29306	ERS2619613
20601	H. nigricans	Honduras	20601nighon	2006-06-04	15.95583	-83.29306	ERS2619614
20602	H. nigricans	Honduras	20602nighon	2006-06-04	15.95583	-83.29306	ERS2619615
20603	H. nigricans	Honduras	20603nighon	2006-06-04	15.95583	-83.29306	ERS2619616
20604	H. nigricans	Honduras	20604nighon	2006-06-04	15.95583	-83.29306	ERS2619617
20605	H. nigricans	Honduras	20605nighon	2006-06-04	15.95583	-83.29306	ERS2619618
20606	H. nigricans	Honduras	20606nighon	2006-06-04	15.95583	-83.29306	ERS2619619
20607	H. nigricans	Honduras	20607nighon	2006-06-04	15.95583	-83.29306	ERS2619620
20608	H. nigricans	Honduras	20608nighon	2006-06-04	15.95583	-83.29306	ERS2619621
20609	H. nigricans	Honduras	20609nighon	2006-06-04	15.95583	-83.29306	ERS2619622
20610	H. nigricans	Honduras	20610nighon	2006-06-04	15.95583	-83.29306	ERS2619623
29137	H. nigricans	Quintana, Mexico	29137nigqui	NA	NA	NA	NA
30001	H. nigricans	Quintana, Mexico	30001nigqui	NA	NA	NA	NA
33023	H. nigricans	Quintana, Mexico	33023nigqui	NA	NA	NA	NA
20650	H. providencianus	Honduras	20650prohon	2006-06-06	15.25	-82.61667	NA
20845	H. providencianus	Honduras	20845prohon	2006-06-07	15.25	-82.61667	NA
20846	H. providencianus	Honduras	20846prohon	2006-06-07	15.25	-82.61667	NA
FL0835	H. providencianus	San Andres, Colombia	FL0835prosan	NA	NA	NA	NA
62263	H. puella	Arrecife Alacranes, Mexico	62263pueala	NA	NA	NA	NA
62264	H. puella	Arrecife Alacranes, Mexico	62264pueala	NA	NA	NA	NA
19426	H. puella	Barbados	19426puebar	2005-06-06	13.22369	-59.64506	NA
19427	H. puella	Barbados	19427puebar	2005-06-06	13.22369	-59.64506	NA
19428	H. puella	Barbados	19428puebar	2005-06-06	13.22369	-59.64506	NA
18152	H. puella	Belize	18152puebel	2004-07-25	16.76528	-88.14417	ERS2619637
18154	H. puella	Belize	18154puebel	2004-07-25	16.76528	-88.14417	ERS2619638
18161	H. puella	Belize	18161puebel	2004-07-26	16.80583	-88.07917	ERS2619639
18166	H. puella	Belize	18166puebel	2004-07-25	16.76528	-88.14417	ERS2619640
18169	H. puella	Belize	18169puebel	2004-07-25	16.76528	-88.14417	ERS2619641
18172	H. puella	Belize	18172puebel	2004-07-25	16.76528	-88.14417	ERS2619642
18174	H. puella	Belize	18174puebel	2004-07-25	16.76528	-88.14417	ERS2619643
18175	H. puella	Belize	18175puebel	2004-07-25	16.76528	-88.14417	ERS2619644
18176	H. puella	Belize	18176puebel	2004-07-25	16.76528	-88.14417	ERS2619645
18178	H. puella	Belize	18178puebel	2004-07-25	16.76528	-88.14417	ERS2619646
18179	H. puella	Belize	18179puebel	2004-07-25	16.76528	-88.14417	ERS2619647
18180	H. puella	Belize	18180puebel	2004-07-25	16.76528	-88.14417	ERS2619648
18419	H. puella	Bocas del Toro, Panama	18419pueboc	2004-05-12	10.23917	-83.17306	ERS2619661
18421	H. puella	Bocas del Toro, Panama	18421pueboc	2004-05-12	10.23917	-83.17306	ERS2619662
18422	H. puella	Bocas del Toro, Panama	18422pueboc	2004-05-12	9.3775	-82.30389	ERS2619663
18426	H. puella	Bocas del Toro, Panama	18426pueboc	2004-05-12	10.23917	-83.17306	ERS2619664
18427	H. puella	Bocas del Toro, Panama	18427pueboc	2004-05-12	10.23917	-83.17306	ERS2619665
18429	H. puella	Bocas del Toro, Panama	18429pueboc	2004-05-12	10.23917	-83.17306	ERS2619666
18430	H. puella	Bocas del Toro, Panama	18430pueboc	2004-05-12	10.23917	-83.17306	ERS2619667
18432	H. puella	Bocas del Toro, Panama	18432pueboc	2004-05-12	10.23917	-83.17306	ERS2619668
18434	H. puella	Bocas del Toro, Panama	18434pueboc	2004-05-12	9.3775	-82.30389	ERS2619669
18912	H. puella	Bocas del Toro, Panama	18912pueboc	2005-03-25	9.29833	-82.28944	ERS2619670
18915	H. puella	Bocas del Toro, Panama	18915pueboc	2005-03-25	9.29833	-82.28944	ERS2619671
18917	H. puella	Bocas del Toro, Panama	18917pueboc	2005-03-25	9.29833	-82.28944	ERS2619672
62577	H. puella	Cayo Arcas, Mexico	62577puearc	NA	NA	NA	NA
62948	H. puella	Cayo Arcas, Mexico	62948puearc	NA	NA	NA	NA
62953	H. puella	Cayo Arcas, Mexico	62953puearc	NA	NA	NA	NA
Ross3	H. puella	Cayo Arenas, Mexico	Ross3pueare	NA	NA	NA	NA
PL17_139	H. puella	Florida Keys, USA	PL17_139pueflk	2017-08-07	24.80618	-80.67677	ERS14948450
PL17_155	H. puella	Florida Keys, USA	PL17_155pueflk	NA	25.04367	-80.3693	ERS14948449
PL17_157	H. puella	Florida Keys, USA	PL17_157pueflk	NA	24.72062	-80.83116	ERS14948446
PL17_159	H. puella	Florida Keys, USA	PL17_159pueflk	NA	24.68493	-80.92229	ERS14948445
19104	H. puella	Guna Yala, Panama	19104puegun	2005-05-08	9.57592	-78.72794	NA
19106	H. puella	Guna Yala, Panama	19106puegun	2005-05-08	9.57592	-78.72794	NA
19108	H. puella	Guna Yala, Panama	19108puegun	2005-05-08	9.57592	-78.72794	NA
20551	H. puella	Honduras	20551puehon	2006-06-04	15.95583	-83.29306	ERS2619649
20552	H. puella	Honduras	20552puehon	2006-06-04	15.95583	-83.29306	ERS2619650
20553	H. puella	Honduras	20553puehon	2006-06-04	15.95583	-83.29306	ERS2619651
20554	H. puella	Honduras	20554puehon	2006-06-04	15.95583	-83.29306	ERS2619652
20555	H. puella	Honduras	20555puehon	2006-06-04	15.95583	-83.29306	ERS2619653
20556	H. puella	Honduras	20556puehon	2006-06-04	15.95583	-83.29306	ERS2619654
20558	H. puella	Honduras	20558puehon	2006-06-04	15.95583	-83.29306	ERS2619655
20559	H. puella	Honduras	20559puehon	2006-06-04	15.95583	-83.29306	ERS2619656
20625	H. puella	Honduras	20625puehon	2006-06-05	15.95583	-83.29306	ERS2619657
20633	H. puella	Honduras	20633puehon	2006-06-05	15.95583	-83.29306	ERS2619658
20635	H. puella	Honduras	20635puehon	2006-06-05	15.95583	-83.29306	ERS2619659
20638	H. puella	Honduras	20638puehon	2006-06-05	15.95583	-83.29306	ERS2619660
PL17_50	H. puella	Puerto Rico	PL17_50puepri	2017-03-16	17.95505	-67.05325	ERS14948475
PL17_53	H. puella	Puerto Rico	PL17_53puepri	2017-03-16	17.95505	-67.05325	ERS14948476
PL17_54	H. puella	Puerto Rico	PL17_54puepri	2017-03-16	17.95505	-67.05325	ERS14948483
PL17_57	H. puella	Puerto Rico	PL17_57puepri	2017-03-17	17.95787	-67.05804	ERS14948479
PL17_60	H. puella	Puerto Rico	PL17_60puepri	2017-03-17	17.95787	-67.05804	ERS14948481
PL17_65	H. puella	Puerto Rico	PL17_65puepri	2017-03-18	17.97003	-67.04642	ERS14948490
PL17_69	H. puella	Puerto Rico	PL17_69puepri	2017-03-21	17.89483	-67.01714	ERS14948486
PL17_82	H. puella	Puerto Rico	PL17_82puepri	2017-03-23	NA	NA	ERS14948473
13310	H. puella	Quintana, Mexico	13310puequi	NA	NA	NA	NA
28713	H. puella	Quintana, Mexico	28713puequi	NA	NA	NA	NA
28939	H. puella	Quintana, Mexico	28939puequi	NA	NA	NA	NA
PL17_125	H. randallorum	Belize	PL17_125ranbel	NA	16.51037	-88.25462	ERS14948421
62562	H. randallorum	Cayo Arcas, Mexico	62562ranarc	NA	NA	NA	NA
62575	H. randallorum	Cayo Arcas, Mexico	62575ranarc	NA	NA	NA	NA
20421	H. randallorum	Honduras	20421ranhon	2006-06-03	16.03	-83.32861	ERS4141244
20429	H. randallorum	Honduras	20429ranhon	2006-06-04	15.95583	-83.29306	ERS4141249
20430	H. randallorum	Honduras	20430ranhon	2006-06-04	15.95583	-83.29306	ERS4141250
20613	H. randallorum	Honduras	20613ranhon	2006-06-05	15.95583	-83.29306	ERS4141253
20696	H. randallorum	Honduras	20696ranhon	2006-06-12	16.11028	-86.95389	ERS4141260
20892	H. randallorum	Honduras	20892ranhon	2006-06-08	16.445	-85.875	ERS4141269
20893	H. randallorum	Honduras	20893ranhon	2006-06-08	16.445	-85.875	ERS4141270
20894	H. randallorum	Honduras	20894ranhon	2006-06-08	16.445	-85.875	ERS4141271
20896	H. randallorum	Honduras	20896ranhon	2006-06-08	16.445	-85.875	ERS4141272
20922	H. randallorum	Honduras	20922ranhon	2006-06-09	16.47361	-85.92389	ERS4141273
20923	H. randallorum	Honduras	20923ranhon	2006-06-09	16.47361	-85.92389	ERS4141274
20980	H. randallorum	Honduras	20980ranhon	2006-06-10	16.4975	-85.90278	ERS4141275
FL0880	H. randallorum	San Andres, Colombia	FL0880ransan	NA	NA	NA	NA
19077	H. sp. nov.	Barbados	19077tanbar	2005-06-09	13.22619	-59.65286	NA
19079	H. sp. nov.	Barbados	19079tanbar	2005-06-10	13.13375	-59.64072	NA
19437	H. sp. nov.	Barbados	19437tanbar	2005-06-06	13.22369	-59.64506	NA
FL0324	H. sp. nov.	Puerto Rico	FL0324tanpri	NA	NA	NA	NA
PL17_23	H. sp. nov.	Puerto Rico	PL17_23tanpri	2017-03-13	17.93425	-67.01878	ERS14948480
PL17_56	H. sp. nov.	Puerto Rico	PL17_56tanpri	2017-03-17	17.95787	-67.05804	ERS14948484
PL17_71	H. sp. nov.	Puerto Rico	PL17_71tanpri	2017-03-21	17.89483	-67.01714	ERS14948478
PL17_72	H. sp. nov.	Puerto Rico	PL17_72tanpri	2017-03-21	17.89483	-67.01714	ERS14948472
PL17_76	H. sp. nov.	Puerto Rico	PL17_76tanpri	2017-03-22	NA	NA	ERS14948477
18163	H. unicolor	Belize	18163unibel	2004-07-25	16.76528	-88.14417	ERS2619674
18261	H. unicolor	Belize	18261unibel	2004-07-24	NA	NA	ERS2619675
18267	H. unicolor	Belize	18267unibel	2004-07-24	NA	NA	ERS2619676
18274	H. unicolor	Belize	18274unibel	2004-07-24	NA	NA	ERS2619677
18276	H. unicolor	Belize	18276unibel	2004-07-25	16.76528	-88.14417	ERS2619678
19881	H. unicolor	Belize	19881unibel	2005-08-16	16.70781	-87.85981	ERS2619679
20092	H. unicolor	Belize	20092unibel	2005-08-15	16.89364	-88.122559999999993	ERS2619680
20120	H. unicolor	Belize	20120unibel	2005-08-11	16.80083	-88.07889	ERS2619681
20126	H. unicolor	Belize	20126unibel	2005-08-12	16.89364	-88.122559999999993	ERS2619682
20128	H. unicolor	Belize	20128unibel	2005-08-12	16.89364	-88.122559999999993	ERS2619683
20135	H. unicolor	Belize	20135unibel	2005-08-12	16.89364	-88.122559999999993	ERS2619684
20149	H. unicolor	Belize	20149unibel	2005-08-12	16.89364	-88.122559999999993	ERS2619685
18420	H. unicolor	Bocas del Toro, Panama	18420uniboc	2004-05-12	10.23917	-83.17306	ERS2619698
18435	H. unicolor	Bocas del Toro, Panama	18435uniboc	2004-06-23	9.33278	-82.25472	ERS2619699
18439	H. unicolor	Bocas del Toro, Panama	18439uniboc	2004-06-25	9.33278	-82.25472	ERS2619700
18440	H. unicolor	Bocas del Toro, Panama	18440uniboc	2004-06-25	9.33278	-82.25472	ERS2619701
18441	H. unicolor	Bocas del Toro, Panama	18441uniboc	2004-06-25	9.33278	-82.25472	ERS2619702
18442	H. unicolor	Bocas del Toro, Panama	18442uniboc	2004-07-08	9.29833	-82.28944	ERS2619703
18445	H. unicolor	Bocas del Toro, Panama	18445uniboc	2004-06-28	9.33278	-82.25472	ERS2619704
18446	H. unicolor	Bocas del Toro, Panama	18446uniboc	2004-06-29	9.33278	-82.25472	ERS2619705
18447	H. unicolor	Bocas del Toro, Panama	18447uniboc	2004-07-09	9.28944	-82.25889	ERS2619706
18448	H. unicolor	Bocas del Toro, Panama	18448uniboc	2004-06-28	9.33278	-82.25472	ERS2619707
18450	H. unicolor	Bocas del Toro, Panama	18450uniboc	2004-06-25	9.33278	-82.25472	ERS2619708
18454	H. unicolor	Bocas del Toro, Panama	18454uniboc	2004-06-30	9.34806	-82.26333	ERS2619709
PL17_134	H. unicolor	Florida Keys, USA	PL17_134uniflk	2017-05-07	24.846800000000002	-80.62296	ERS14948448
PL17_135	H. unicolor	Florida Keys, USA	PL17_135uniflk	2017-06-07	24.75258	-80.76065	ERS14948455
PL17_136	H. unicolor	Florida Keys, USA	PL17_136uniflk	2017-06-07	24.75258	-80.76065	ERS14948452
PL17_137	H. unicolor	Florida Keys, USA	PL17_137uniflk	2017-07-07	24.73489	-80.8008	ERS14948453
PL17_138	H. unicolor	Florida Keys, USA	PL17_138uniflk	2017-07-07	24.73489	-80.8008	ERS14948451
PL17_140	H. unicolor	Florida Keys, USA	PL17_140uniflk	2017-08-07	24.80618	-80.67677	ERS14948456
PL17_141	H. unicolor	Florida Keys, USA	PL17_141uniflk	2017-08-07	24.80618	-80.67677	ERS14948457
PL17_143	H. unicolor	Florida Keys, USA	PL17_143uniflk	2017-09-07	24.81247	-80.66971	ERS14948454
20560	H. unicolor	Honduras	20560unihon	2006-06-04	15.95583	-83.29306	ERS2619686
20561	H. unicolor	Honduras	20561unihon	2006-06-04	15.95583	-83.29306	ERS2619687
20562	H. unicolor	Honduras	20562unihon	2006-06-04	15.95583	-83.29306	ERS2619688
20563	H. unicolor	Honduras	20563unihon	2006-06-04	15.95583	-83.29306	ERS2619689
20564	H. unicolor	Honduras	20564unihon	2006-06-04	15.95583	-83.29306	ERS2619690
20565	H. unicolor	Honduras	20565unihon	2006-06-04	15.95583	-83.29306	ERS2619691
20566	H. unicolor	Honduras	20566unihon	2006-06-04	15.95583	-83.29306	ERS2619692
20567	H. unicolor	Honduras	20567unihon	2006-06-04	15.95583	-83.29306	ERS2619693
20568	H. unicolor	Honduras	20568unihon	2006-06-04	15.95583	-83.29306	ERS2619694
20571	H. unicolor	Honduras	20571unihon	2006-06-04	15.95583	-83.29306	ERS2619695
20572	H. unicolor	Honduras	20572unihon	2006-06-04	15.95583	-83.29306	ERS2619696
PL17_55	H. unicolor	Puerto Rico	PL17_55unipri	2017-03-16	17.95505	-67.05325	ERS14948485
PL17_63	H. unicolor	Puerto Rico	PL17_63unipri	2017-03-18	17.97003	-67.04642	ERS14948487
PL17_66	H. unicolor	Puerto Rico	PL17_66unipri	2017-03-18	17.97003	-67.04642	ERS14948459
PL17_67	H. unicolor	Puerto Rico	PL17_67unipri	2017-03-18	17.93425	-67.01878	ERS14948493
PL17_70	H. unicolor	Puerto Rico	PL17_70unipri	2017-03-21	17.89483	-67.01714	ERS14948489
PL17_73	H. unicolor	Puerto Rico	PL17_73unipri	2017-03-21	17.89032	-67.01794	ERS14948491
PL17_74	H. unicolor	Puerto Rico	PL17_74unipri	2017-03-21	17.89032	-67.01794	ERS14948492
PL17_77	H. unicolor	Puerto Rico	PL17_77unipri	2017-03-22	NA	NA	ERS14948488
13318	H. unicolor	Quintana, Mexico	13318uniqui	NA	NA	NA	NA
27707	H. unicolor	Quintana, Mexico	27707uniqui	NA	NA	NA	NA
27709	H. unicolor	Quintana, Mexico	27709uniqui	NA	NA	NA	NA
20478	S. tabacarius	Honduras	20478tabhon	2006-06-06	NA	NA	ERS4141252
20480	S. tabacarius	Honduras	20480tabhon	2006-06-07	NA	NA	NA
PL17_21	S. tigrinus	Bocas del Toro, Panama	PL17_21tigboc	2017-02-07	9.3014	-82.2941	NA
20481	S. tigrinus	Honduras	20481tighon	2006-06-07	NA	NA	NA
28393	S. tortugarum	Bocas del Toro, Panama	28393torboc	2017-02-07	9.3014	-82.2941	ERS4141276
Bocas16.3	S. tortugarum	Bocas del Toro, Panama	Bocas16.3torboc	NA	NA	NA	NA
Bocas16.4	S. tortugarum	Bocas del Toro, Panama	Bocas16.4torboc	NA	NA	NA	NA
s_tort_3	S. tortugarum	Bocas del Toro, Panama	s_tort_3torboc	NA	NA	NA	ERS4141278
